{
    "5_4_20": {
        "angles": [
            101.35245874425506,
            -98.87165237723455,
            -100.4590981261505,
            98.53910308272903,
            -100.94106487193352,
            98.7859791789574,
            100.31763638617741,
            -98.49275208036784,
            -101.15110084025116,
            98.84902226246417,
            100.41843087297926,
            -98.53119123113382,
            100.87343855694009,
            -98.77369086616818,
            -100.29616474887486,
            98.48751603854595,
            -101.25229132312398,
            98.86574211104752,
            100.44793706739001,
            -98.5378888050435,
            100.92098303083405,
            -98.7838901092406,
            -100.31376936944466,
            98.49218890913619,
            101.11764956753088,
            -98.84578437329131,
            -100.41240859390936,
            98.53036595887474,
            -100.8628988659622,
            98.77230056722448,
            100.29362043764665,
            -98.48709874475567
        ]
    },
    "5_4_5.536580568672519": {
        "angles": [
            3376451.2448300314,
            -3371264.685774227,
            -3376358.556548858,
            3371181.481477729,
            -3376448.237894957,
            3371263.370126994,
            3376356.758449103,
            -3371180.414710984,
            -3376450.4401638885,
            3371264.5776459295,
            3376358.367835041,
            -3371181.4361969805,
            3376447.9357084744,
            -3371263.303779972,
            -3376356.6466585784,
            3371180.381199053,
            -3376450.8752428605,
            3371264.6630857172,
            3376358.5138477823,
            -3371181.4765807977,
            3376448.1614758903,
            -3371263.3617823683,
            -3376356.743080847,
            3371180.412338497,
            3376450.313789864,
            -3371264.564870371,
            -3376358.3441766268,
            3371181.4327764935,
            -3376447.894588537,
            3371263.2980791964,
            3376356.636288482,
            -3371180.379376453
        ]
    }
}