{
    "4_4_5.721133254294936": {
        "angles": [
            2.378888462559524,
            -0.8126257474404762,
            -1.2399499328035712,
            0.5523727860535714,
            -1.6764423647142854,
            0.6857161844464287,
            1.0188896893154762,
            -0.4961916894488095,
            -2.0217689908333334,
            0.7714659684523809,
            1.1658809655178572,
            -0.5396628694607142,
            1.5463335839464285,
            -0.6747830115535713,
            -1.0113140121369049,
            0.4680565309880952
        ]
    },
    "5_4_5.536580568672519": {
        "angles": [
            2.378888462559524,
            -0.46542905960119046,
            -0.7942342696785715,
            0.22429389750714285,
            -1.2187695853154763,
            0.32125785136428575,
            0.5335058958845238,
            -0.1765020028452381,
            -1.6569576868154763,
            0.39635164930476185,
            0.6657787908333334,
            -0.20656480503761904,
            0.994388506922619,
            -0.29097649344047616,
            -0.4776670941154762,
            0.16804110741547618,
            -2.009314730488095,
            0.44275396004642853,
            0.7515464705416667,
            -0.21943692527500003,
            1.1421984582380953,
            -0.3133286637761905,
            -0.5194052529619048,
            0.17304421101785714,
            1.5251971148035715,
            -0.3872335740630952,
            -0.6509015464904762,
            0.19992886424047618,
            -0.9777686357142858,
            0.27795397173214287,
            0.45185432710714285,
            -0.1676254571440476
        ]
    }
}