{
    "4_4": {
        "angles": [
            1.2113529494444446,
            -0.21302771305555546,
            -0.48208017722222274,
            -0.12831000261111103,
            -1.210458425833334,
            -0.17045956555555553,
            -0.22591735944444413,
            0.29502116388888877,
            -2.2113529494444446,
            0.2891483419444447,
            0.7749769372222219,
            0.37670008749999995,
            2.2113529494444446,
            0.4813796555555555,
            0.6613990791666666,
            -0.6613977236111112
        ]
    },
    "7_4_21.7868935668431*p_temp[0]": {
        "angles": [
            1.2113528426664528,
            -0.025613657505028906,
            -0.05115528981420553,
            -6.243856218382873e-05,
            -0.102827349393453,
            -0.000867352433910458,
            -0.00243757697728636,
            -0.0013265098888726769,
            -0.21302776144165092,
            -0.004084161706934923,
            -0.009277052053875565,
            -0.00207208329994927,
            -0.022414014049949693,
            -0.00358852414126503,
            -0.006634052820525926,
            0.001060696882566198,
            -0.48208040342247416,
            -0.013323363262093407,
            -0.027876682880560305,
            -0.0022179620645957753,
            -0.059717475829627165,
            -0.003516246990810986,
            -0.006136320111384146,
            0.0017453411147305559,
            -0.12831002747805464,
            -0.0037262566107862036,
            -0.0058428196369330054,
            0.0031289553951864015,
            -0.005606801175427278,
            0.005903346862354564,
            0.011455711251112975,
            -0.0006948020411408514,
            -1.2104583199788834,
            -0.023653498419187513,
            -0.04722083578487196,
            0.0004896858416981106,
            -0.09284816552352343,
            0.0021669013647668475,
            0.005481488771310515,
            0.002215684668538258,
            -0.17045956815362218,
            0.00845358561370211,
            0.018894538253742432,
            0.0038225221888117224,
            0.045133278761468276,
            0.007050523043725266,
            0.013513687656407973,
            -0.001160391037882016,
            -0.22591733407357273,
            0.028744738534323397,
            0.06034679748751057,
            0.0054388688222908165,
            0.1310269516325131,
            0.00980330149838279,
            0.018546492651368714,
            -0.0020915690324110575,
            0.29502105377917753,
            0.01553807145068662,
            0.029070528729107502,
            -0.003953925023341935,
            0.05034781393241293,
            -0.007678637002274662,
            -0.015128060969741898,
            0.00045842608905623196,
            -2.211352842516453,
            0.026818201306302136,
            0.05597056326781005,
            0.004866111455644449,
            0.12204206929652212,
            0.010416836070453434,
            0.021467249618619455,
            0.0011650834506650239,
            0.2891482432864727,
            0.022769879160956706,
            0.04642011621682657,
            0.0015708986893236089,
            0.09560955860675946,
            0.002411180799424213,
            0.004106070815061431,
            -0.001403929897525926,
            0.7749771888691603,
            0.04766886667906099,
            0.09578047407904919,
            0.0005631506221541495,
            0.19205691351319787,
            -0.0001057188703617283,
            -0.0014148062638000766,
            -0.0023494337072699264,
            0.37669995363892106,
            -0.004681092133354027,
            -0.011539708251971773,
            -0.004240441328622598,
            -0.03133108612065866,
            -0.00802245656829858,
            -0.015586487053651664,
            0.0009168521781384749,
            2.211352843539653,
            0.07176434026162086,
            0.14097596620317218,
            -0.005520877061286376,
            0.27010793259865945,
            -0.012588942173290277,
            -0.02666776920125051,
            -0.0028651630568898925,
            0.48137921378866066,
            -0.030449784426414314,
            -0.06342091242380543,
            -0.0048134739388573915,
            -0.1360103466383056,
            -0.008710095699554025,
            -0.016503339219631888,
            0.001833704356574219,
            0.6613984649392742,
            -0.07465235160751552,
            -0.15251368592841646,
            -0.005959539162312679,
            -0.31602959800034675,
            -0.010085373967122179,
            -0.01833704356067373,
            0.0036674087152739118,
            -0.6613984657096573,
            -0.012835930503533006,
            -0.022004452242713017,
            0.007334817436433747,
            -0.029339269599240988,
            0.01466963487310531,
            0.029339269772845924,
            0.0
        ]
    }
}